"","knockout","variable","number","cellNum","ratio","ctrlNum","ctrl_ratio","diff_index","t_D","t_D_ctrl","t_D_diff","t_D_sum","t_D_sum2","perturb_percent"
"1","ARID1A","Topic1",5.54249302378803,24,0.230937209324501,143,0.219969620215425,0.0109675891090761,0.230226076592709,-0.0138898989737331,0.244115975566442,4.86273971393012,4.83565882817181,0.0476100744021574
"2","ARID1A","Topic2",2.79527503611314,24,0.116469793171381,143,0.0706078261841761,0.0458619669872049,1.3378786537677,-0.0441105396506941,1.38198919341839,4.86273971393012,4.83565882817181,0.276669364259823
"3","ARID1A","Topic3",1.11314000584957,24,0.0463808335770655,143,0.0508904717073779,-0.00450963813031236,-0.156115658190073,-0.0437726150142265,-0.112343043175846,4.86273971393012,4.83565882817181,0.03228425820295
"4","ARID1A","Topic4",4.77013141761999,24,0.198755475734166,143,0.17497385375531,0.0237816219788566,0.430557722053147,-0.0192495852615505,0.449807307314697,4.86273971393012,4.83565882817181,0.0890380685140117
"5","ARID1A","Topic5",4.34299988534845,24,0.180958328556186,143,0.143699869205325,0.0372584593508608,0.651106652447333,-0.0701731259931791,0.721279778440512,4.86273971393012,4.83565882817181,0.134646937590817
"6","ARID1A","Topic6",5.43596063128081,24,0.226498359636701,143,0.339858358932387,-0.113359999295686,-2.02977406512085,-0.0765696491066168,-1.95320441601423,4.86273971393012,4.83565882817181,0.41975129703024
"7","BTLA","Topic1",14.3045484390045,59,0.242449973542449,143,0.219969620215425,0.022480353327024,0.401649064682929,-0.0138898989737331,0.415538963656662,5.01823070847203,5.04395084467162,0.0796298530758338
"8","BTLA","Topic2",6.19992543747574,59,0.105083481991114,143,0.0706078261841761,0.034475655806938,1.09490264288826,-0.0441105396506941,1.13901318253896,5.01823070847203,5.04395084467162,0.217072425288384
"9","BTLA","Topic3",5.12885989506551,59,0.086929828729924,143,0.0508904717073779,0.0360393570225461,1.22712200684677,-0.0437726150142265,1.27089462186099,5.01823070847203,5.04395084467162,0.243285877407605
"10","BTLA","Topic4",10.8949208977262,59,0.184659676232647,143,0.17497385375531,0.0096858224773376,0.15276439630275,-0.0192495852615505,0.172013981564301,5.01823070847203,5.04395084467162,0.0302866544514662
"11","BTLA","Topic5",6.24401710568686,59,0.105830798401472,143,0.143699869205325,-0.0378690708038526,-1.14157249904948,-0.0701731259931791,-1.0713993730563,5.01823070847203,5.04395084467162,0.22632506426097
"12","BTLA","Topic6",16.2277282250412,59,0.275046241102393,143,0.339858358932387,-0.0648121178299932,-1.02594023490143,-0.0765696491066168,-0.949370585794816,5.01823070847203,5.04395084467162,0.203400125515741
"13","C10orf54","Topic1",8.16340252019764,43,0.189846570237154,143,0.219969620215425,-0.0301230499782707,-0.630607778437292,-0.0138898989737331,-0.616717879463559,3.65688154280489,3.57003522496559,0.176639091409349
"14","C10orf54","Topic2",3.35295650535698,43,0.0779757326827204,143,0.0706078261841761,0.00736790649854428,0.173689070198915,-0.0441105396506941,0.217799609849609,3.65688154280489,3.57003522496559,0.0486519205705007
"15","C10orf54","Topic3",3.09590291266181,43,0.0719977421549258,143,0.0508904717073779,0.0211072704475479,0.739734045836253,-0.0437726150142265,0.78350666085048,3.65688154280489,3.57003522496559,0.207206371708387
"16","C10orf54","Topic4",8.56972607986407,43,0.199295955345676,143,0.17497385375531,0.0243221015903664,0.532993164034924,-0.0192495852615505,0.552242749296474,3.65688154280489,3.57003522496559,0.149296331954277
"17","C10orf54","Topic5",7.29066799035334,43,0.16955041838031,143,0.143699869205325,0.0258505491749855,0.465185840766924,-0.0701731259931791,0.535358966760103,3.65688154280489,3.57003522496559,0.130302871387329
"18","C10orf54","Topic6",12.5273439915662,43,0.291333581199213,143,0.339858358932387,-0.0485247777331734,-1.02782532569128,-0.0765696491066168,-0.951255676584662,3.65688154280489,3.57003522496559,0.287903412970158
"19","CBLB","Topic1",8.96370109507332,48,0.186743772814028,143,0.219969620215425,-0.0332258474013976,-0.658203569289701,-0.0138898989737331,-0.644313670315968,3.61551000912933,3.52866369129003,0.186530547219441
"20","CBLB","Topic2",3.58309105094775,48,0.0746477302280781,143,0.0706078261841761,0.004039904043902,0.159629035554572,-0.0441105396506941,0.203739575205266,3.61551000912933,3.52866369129003,0.0452378150824042
"21","CBLB","Topic3",5.16064388213122,48,0.107513414211067,143,0.0508904717073779,0.0566229425036892,1.52976006897905,-0.0437726150142265,1.57353268399328,3.61551000912933,3.52866369129003,0.433523906728496
"22","CBLB","Topic4",9.16811754274914,48,0.191002448807274,143,0.17497385375531,0.0160285950519642,0.266008511617564,-0.0192495852615505,0.285258096879115,3.61551000912933,3.52866369129003,0.0753850564660401
"23","CBLB","Topic5",7.2698565779033,48,0.151455345372985,143,0.143699869205325,0.00775547616766073,0.129984768262642,-0.0701731259931791,0.200157894255821,3.61551000912933,3.52866369129003,0.0368368253918586
"24","CBLB","Topic6",13.8545898511953,48,0.288637288566568,143,0.339858358932387,-0.0512210703658185,-0.785077737586498,-0.0765696491066168,-0.708508088479881,3.61551000912933,3.52866369129003,0.22248584911176
"25","CD3D","Topic1",6.70316550906156,31,0.216231145453599,143,0.219969620215425,-0.00373847476182637,-0.0811185877727337,-0.0138898989737331,-0.0672286887990007,5.39183227234968,5.34348512503348,0.0151808390731181
"26","CD3D","Topic2",3.96450417607311,31,0.127887231486229,143,0.0706078261841761,0.0572794053020532,1.48311213446845,-0.0441105396506941,1.52722267411914,5.39183227234968,5.34348512503348,0.277555209711406
"27","CD3D","Topic3",2.56303025200479,31,0.082678395225961,143,0.0508904717073779,0.0317879235185831,1.17436021351318,-0.0437726150142265,1.21813282852741,5.39183227234968,5.34348512503348,0.21977420841156
"28","CD3D","Topic4",4.73516251792577,31,0.152747177997606,143,0.17497385375531,-0.022226675757704,-0.573191481270529,-0.0192495852615505,-0.553941896008979,5.39183227234968,5.34348512503348,0.107269219967546
"29","CD3D","Topic5",5.09779314843813,31,0.164444940272198,143,0.143699869205325,0.0207450710668731,0.497785246236956,-0.0701731259931791,0.567958372230135,5.39183227234968,5.34348512503348,0.0931574121737331
"30","CD3D","Topic6",7.93634439649663,31,0.256011109564407,143,0.339858358932387,-0.0838472493679791,-1.53391746177164,-0.0765696491066168,-1.45734781266502,5.39183227234968,5.34348512503348,0.287063110662636
"31","CD5","Topic1",8.24265454011402,39,0.21135011641318,143,0.219969620215425,-0.0086195038022451,-0.176996240251715,-0.0138898989737331,-0.163106341277982,3.93706406913992,4.02906317381008,0.0439298746672017
"32","CD5","Topic2",5.00052236516921,39,0.128218522183826,143,0.0706078261841761,0.0576106959996499,1.43478562567224,-0.0441105396506941,1.47889616532293,3.93706406913992,4.02906317381008,0.356108992035346
"33","CD5","Topic3",3.00287193638803,39,0.0769967163176418,143,0.0508904717073779,0.0261062446102639,1.0438659941721,-0.0437726150142265,1.08763860918632,3.93706406913992,4.02906317381008,0.259084047368005
"34","CD5","Topic4",6.2766803034264,39,0.160940520600677,143,0.17497385375531,-0.0140333331546325,-0.277589744905603,-0.0192495852615505,-0.258340159644053,3.93706406913992,4.02906317381008,0.0688968459740235
"35","CD5","Topic5",5.21756753042043,39,0.133783782831293,143,0.143699869205325,-0.00991608637403157,-0.235546726698038,-0.0701731259931791,-0.165373600704859,3.93706406913992,4.02906317381008,0.0584619095151326
"36","CD5","Topic6",11.2597033244819,39,0.288710341653382,143,0.339858358932387,-0.0511480172790045,-0.86027884211039,-0.0765696491066168,-0.783709193003773,3.93706406913992,4.02906317381008,0.213518330440291
"37","CDKN1B","Topic1",6.75094490380895,39,0.173101151379717,143,0.219969620215425,-0.0468684688357086,-1.08268804348919,-0.0138898989737331,-1.06879814451546,6.26958478543962,6.18273846760032,0.175114643642595
"38","CDKN1B","Topic2",3.06884036501962,39,0.0786882144876827,143,0.0706078261841761,0.00808038830350652,0.291713645794718,-0.0441105396506941,0.335824185445412,6.26958478543962,6.18273846760032,0.0471819481486073
"39","CDKN1B","Topic3",3.90753712013778,39,0.100193259490712,143,0.0508904717073779,0.0493027877833343,1.81370416131514,-0.0437726150142265,1.85747677632936,6.26958478543962,6.18273846760032,0.293349649321182
"40","CDKN1B","Topic4",8.68369064830579,39,0.222658734571943,143,0.17497385375531,0.0476848808166337,0.845070047570652,-0.0192495852615505,0.864319632832202,6.26958478543962,6.18273846760032,0.136682159855072
"41","CDKN1B","Topic5",6.74218972120972,39,0.172876659518198,143,0.143699869205325,0.0291767903128731,0.552207621148981,-0.0701731259931791,0.62238074714216,6.26958478543962,6.18273846760032,0.0893144072068936
"42","CDKN1B","Topic6",9.84679724151815,39,0.252481980551747,143,0.339858358932387,-0.0873763783806391,-1.59735494828164,-0.0765696491066168,-1.52078529917502,6.26958478543962,6.18273846760032,0.25835719182565
"43","CTRL","Topic1",31.4556556908058,143,0.219969620215425,143,0.219969620215425,0,-0.0138898989737331,-0.0138898989737331,0,0,0.267765414,0.0518733871049271
"44","CTRL","Topic2",10.0969191443372,143,0.0706078261841761,143,0.0706078261841761,0,-0.0441105396506941,-0.0441105396506941,0,0,0.267765414,0.164735762515969
"45","CTRL","Topic3",7.27733745415503,143,0.0508904717073779,143,0.0508904717073779,0,-0.0437726150142265,-0.0437726150142265,0,0,0.267765414,0.163473745023047
"46","CTRL","Topic4",25.0212610870093,143,0.17497385375531,143,0.17497385375531,0,-0.0192495852615505,-0.0192495852615505,0,0,0.267765414,0.0718897372666304
"47","CTRL","Topic5",20.5490812963614,143,0.143699869205325,143,0.143699869205325,0,-0.0701731259931791,-0.0701731259931791,0,0,0.267765414,0.262069417199561
"48","CTRL","Topic6",48.5997453273313,143,0.339858358932387,143,0.339858358932387,0,-0.0765696491066168,-0.0765696491066168,0,0,0.267765414,0.285957950889867
"49","DGKA","Topic1",13.8777257500036,81,0.171329947530908,143,0.219969620215425,-0.0486396726845168,-1.12203171554493,-0.0138898989737331,-1.10814181657119,5.4140746194258,5.35873929440023,0.209383523605529
"50","DGKA","Topic2",9.67725089410035,81,0.119472233260498,143,0.0706078261841761,0.048864407076322,1.55590232244798,-0.0441105396506941,1.60001286209868,5.4140746194258,5.35873929440023,0.290348575843924
"51","DGKA","Topic3",7.43089075731647,81,0.0917393920656354,143,0.0508904717073779,0.0408489203582576,1.26736294833664,-0.0437726150142265,1.31113556335087,5.4140746194258,5.35873929440023,0.236503938465716
"52","DGKA","Topic4",14.1640612295184,81,0.174864953450845,143,0.17497385375531,-0.000108900304464837,-0.0157554964068641,-0.0192495852615505,0.00349408885468644,5.4140746194258,5.35873929440023,0.00294014982653256
"53","DGKA","Topic5",12.928622481493,81,0.159612623228308,143,0.143699869205325,0.0159127540229834,0.387175536028413,-0.0701731259931791,0.457348662021593,5.4140746194258,5.35873929440023,0.0722512357399069
"54","DGKA","Topic6",22.9214488875682,81,0.282980850463805,143,0.339858358932387,-0.0568775084685814,-1.0105112756354,-0.0765696491066168,-0.933941626528786,5.4140746194258,5.35873929440023,0.188572576518392
"55","DGKZ","Topic1",7.43523388622674,37,0.200952267195317,143,0.219969620215425,-0.0190173530201079,-0.420073102200288,-0.0138898989737331,-0.406183203226554,5.12069479997072,5.21269390464088,0.0805865661565693
"56","DGKZ","Topic2",4.20487743732716,37,0.113645336143977,143,0.0706078261841761,0.0430375099598012,1.06492155604997,-0.0441105396506941,1.10903209570067,5.12069479997072,5.21269390464088,0.204293897844619
"57","DGKZ","Topic3",4.09297479587588,37,0.110620940429078,143,0.0508904717073779,0.0597304687217,1.94931726208311,-0.0437726150142265,1.99308987709734,5.12069479997072,5.21269390464088,0.373955827398119
"58","DGKZ","Topic4",6.03388193791364,37,0.163077890213882,143,0.17497385375531,-0.0118959635414273,-0.242544279737393,-0.0192495852615505,-0.223294694475842,5.12069479997072,5.21269390464088,0.046529545792331
"59","DGKZ","Topic5",3.76593622688979,37,0.101782060186211,143,0.143699869205325,-0.0419178090191142,-1.08979937530379,-0.0701731259931791,-1.01962624931061,5.12069479997072,5.21269390464088,0.20906644342449
"60","DGKZ","Topic6",11.4670957157668,37,0.309921505831535,143,0.339858358932387,-0.0299368531008519,-0.446038329266326,-0.0765696491066168,-0.369468680159709,5.12069479997072,5.21269390464088,0.0855677193838711
"61","HAVCR2","Topic1",12.8767722115797,64,0.201199565805933,143,0.219969620215425,-0.0187700544094922,-0.434236500886013,-0.0138898989737331,-0.42034660191228,3.95485021678588,3.90650306946968,0.111157342811191
"62","HAVCR2","Topic2",5.03095203063827,64,0.0786086254787229,143,0.0706078261841761,0.00800079929454676,0.135421632297465,-0.0441105396506941,0.179532171948159,3.95485021678588,3.90650306946968,0.0346656920241071
"63","HAVCR2","Topic3",6.39008778625741,64,0.0998451216602721,143,0.0508904717073779,0.0489546499528942,1.59082534976268,-0.0437726150142265,1.6345979647769,3.95485021678588,3.90650306946968,0.407224907154274
"64","HAVCR2","Topic4",10.90298960138,64,0.170359212521562,143,0.17497385375531,-0.0046146412337473,-0.118013999479469,-0.0192495852615505,-0.0987644142179185,3.95485021678588,3.90650306946968,0.030209626712386
"65","HAVCR2","Topic5",11.0050250096174,64,0.171953515775272,143,0.143699869205325,0.0282536465699469,0.58320286978776,-0.0701731259931791,0.653375995780939,3.95485021678588,3.90650306946968,0.149290262778913
"66","HAVCR2","Topic6",17.7941733605272,64,0.278033958758238,143,0.339858358932387,-0.0618244001741484,-1.0448027172563,-0.0765696491066168,-0.968233068149679,3.95485021678588,3.90650306946968,0.267452168519128
"67","LAG3","Topic1",5.23495733912109,34,0.153969333503562,143,0.219969620215425,-0.0660002867118635,-1.54649137780865,-0.0138898989737331,-1.53260147883492,5.76536063008809,5.67851431224879,0.272340843532401
"68","LAG3","Topic2",3.44113140644341,34,0.101209747248336,143,0.0706078261841761,0.0306019210641594,0.778877311939291,-0.0441105396506941,0.822987851589985,5.76536063008809,5.67851431224879,0.137162164099722
"69","LAG3","Topic3",2.58588067086507,34,0.0760553138489725,143,0.0508904717073779,0.0251648421415947,1.1771845978725,-0.0437726150142265,1.22095721288673,5.76536063008809,5.67851431224879,0.20730503317272
"70","LAG3","Topic4",7.80910183772405,34,0.229679465815413,143,0.17497385375531,0.0547056120601038,1.04625961744678,-0.0192495852615505,1.06550920270833,5.76536063008809,5.67851431224879,0.184248829872623
"71","LAG3","Topic5",5.16346481336673,34,0.151866612157845,143,0.143699869205325,0.00816674295252018,0.189852504629377,-0.0701731259931791,0.260025630622556,5.76536063008809,5.67851431224879,0.0334334817506504
"72","LAG3","Topic6",9.76546393247965,34,0.287219527425872,143,0.339858358932387,-0.0526388315065145,-0.939848902552192,-0.0765696491066168,-0.863279253445575,5.76536063008809,5.67851431224879,0.165509647571883
"73","LCP2","Topic1",8.203657387706,37,0.221720469938,143,0.219969620215425,0.00175084972257475,0.0408664817276938,-0.0138898989737331,0.0547563807014268,5.38330546497034,5.26867934918357,0.0077564943734954
"74","LCP2","Topic2",4.83380544711759,37,0.130643390462638,143,0.0706078261841761,0.0600355642784615,1.21048834979697,-0.0441105396506941,1.25459888944766,5.38330546497034,5.26867934918357,0.229751759325522
"75","LCP2","Topic3",2.26865492571243,37,0.0613149979922277,143,0.0508904717073779,0.0104245262848499,0.38794571132666,-0.0437726150142265,0.431718326340886,5.38330546497034,5.26867934918357,0.0736324391019878
"76","LCP2","Topic4",6.99292166795002,37,0.188997882917568,143,0.17497385375531,0.0140240291622585,0.270931429583706,-0.0192495852615505,0.290181014845256,5.38330546497034,5.26867934918357,0.0514230249418555
"77","LCP2","Topic5",6.84925179589758,37,0.185114913402637,143,0.143699869205325,0.0414150441973127,0.793616517533919,-0.0701731259931791,0.863789643527099,5.38330546497034,5.26867934918357,0.150629116888068
"78","LCP2","Topic6",7.85170877561638,37,0.212208345286929,143,0.339858358932387,-0.127650013645457,-2.56483085921462,-0.0765696491066168,-2.488261210108,5.38330546497034,5.26867934918357,0.486807165369072
"79","MEF2D","Topic1",9.03075043168219,38,0.237651327149531,143,0.219969620215425,0.0176817069341061,0.339267560034151,-0.0138898989737331,0.353157459007884,6.56123750022718,6.62545680694987,0.0512066669392926
"80","MEF2D","Topic2",3.8371107716476,38,0.100976599253884,143,0.0706078261841761,0.0303687730697081,0.956819420311366,-0.0441105396506941,1.00092995996206,6.56123750022718,6.62545680694987,0.144415615132785
"81","MEF2D","Topic3",5.31663455424304,38,0.139911435637975,143,0.0508904717073779,0.0890209639305969,2.76604214210182,-0.0437726150142265,2.80981475711605,6.56123750022718,6.62545680694987,0.417487008473188
"82","MEF2D","Topic4",6.30116671688302,38,0.165820176760079,143,0.17497385375531,-0.00915367699523018,-0.129120516339714,-0.0192495852615505,-0.109870931078164,6.56123750022718,6.62545680694987,0.019488545484784
"83","MEF2D","Topic5",4.24149884307033,38,0.111618390607114,143,0.143699869205325,-0.0320814785982108,-0.880221575561577,-0.0701731259931791,-0.810048449568398,6.56123750022718,6.62545680694987,0.132854473466381
"84","MEF2D","Topic6",9.27283868247382,38,0.244022070591416,143,0.339858358932387,-0.0958362883409703,-1.55398559260124,-0.0765696491066168,-1.47741594349463,6.56123750022718,6.62545680694987,0.234547690503569
"85","PDCD1","Topic1",14.1121625030223,63,0.224002579413052,143,0.219969620215425,0.00403295919762683,0.0289009298892578,-0.0138898989737331,0.0427908288629909,3.52485141780923,3.44872447254557,0.00838017943136104
"86","PDCD1","Topic2",5.25720791502847,63,0.0834477446829916,143,0.0706078261841761,0.0128399184988155,0.376646298283952,-0.0441105396506941,0.420756837934646,3.52485141780923,3.44872447254557,0.109213218186126
"87","PDCD1","Topic3",5.4121901539683,63,0.0859077802217191,143,0.0508904717073779,0.0350173085143413,1.43777724011064,-0.0437726150142265,1.48154985512487,3.52485141780923,3.44872447254557,0.416901162025678
"88","PDCD1","Topic4",9.58063822493025,63,0.15207362261794,143,0.17497385375531,-0.0229002311373691,-0.510177497797462,-0.0192495852615505,-0.490927912535912,3.52485141780923,3.44872447254557,0.147932228816438
"89","PDCD1","Topic5",9.98298598339891,63,0.158460094974586,143,0.143699869205325,0.0147602257692611,0.340231517730027,-0.0701731259931791,0.410404643723206,3.52485141780923,3.44872447254557,0.098654305508754
"90","PDCD1","Topic6",18.6548152196518,63,0.296108178089711,143,0.339858358932387,-0.0437501808426755,-0.75499098873423,-0.0765696491066168,-0.678421339627613,3.52485141780923,3.44872447254557,0.218918906031643
"91","RASA2","Topic1",8.99456964607718,50,0.179891392921544,143,0.219969620215425,-0.0400782272938814,-0.849221863556968,-0.0138898989737331,-0.835331964583235,5.42492610700945,5.43562387105968,0.15623263928882
"92","RASA2","Topic2",6.63388358993284,50,0.132677671798657,143,0.0706078261841761,0.0620698456144806,1.50089222805252,-0.0441105396506941,1.54500276770321,5.42492610700945,5.43562387105968,0.276121428497576
"93","RASA2","Topic3",4.51309972270512,50,0.0902619944541023,143,0.0508904717073779,0.0393715227467245,1.28531699080559,-0.0437726150142265,1.32908960581981,5.42492610700945,5.43562387105968,0.236461723860046
"94","RASA2","Topic4",9.53692278810713,50,0.190738455762143,143,0.17497385375531,0.0157646020068331,0.291569499293196,-0.0192495852615505,0.310819084554746,5.42492610700945,5.43562387105968,0.0536404847372845
"95","RASA2","Topic5",6.98423306618959,50,0.139684661323792,143,0.143699869205325,-0.00401520788153303,-0.0487720409447642,-0.0701731259931791,0.0214010850484149,5.42492610700945,5.43562387105968,0.00897266663435563
"96","RASA2","Topic6",13.3372911869881,50,0.266745823739763,143,0.339858358932387,-0.0731125351926238,-1.45985124840664,-0.0765696491066168,-1.38328159930003,5.42492610700945,5.43562387105968,0.268571056981918
"97","SOCS1","Topic1",7.78341463220868,48,0.162154471504347,143,0.219969620215425,-0.0578151487110777,-1.30814381243579,-0.0138898989737331,-1.29425391346206,5.41865667840548,5.33181036056618,0.245347025488896
"98","SOCS1","Topic2",5.14495117807724,48,0.107186482876609,143,0.0706078261841761,0.036578656692433,1.1548112122926,-0.0441105396506941,1.1989217519433,5.41865667840548,5.33181036056618,0.216588950881212
"99","SOCS1","Topic3",3.50549970262816,48,0.0730312438047534,143,0.0508904717073779,0.0221407720973755,0.757381615446924,-0.0437726150142265,0.801154230461151,5.41865667840548,5.33181036056618,0.142049616214501
"100","SOCS1","Topic4",9.30794959691817,48,0.193915616602462,143,0.17497385375531,0.0189417628471524,0.35984464807489,-0.0192495852615505,0.37909423333644,5.41865667840548,5.33181036056618,0.0674901438236221
"101","SOCS1","Topic5",8.28462840281396,48,0.172596425058624,143,0.143699869205325,0.0288965558532993,0.687073190963651,-0.0701731259931791,0.75724631695683,5.41865667840548,5.33181036056618,0.128863021094151
"102","SOCS1","Topic6",13.9735564873538,48,0.291115760153204,143,0.339858358932387,-0.0487425987791826,-1.06455588135232,-0.0765696491066168,-0.987986232245706,5.41865667840548,5.33181036056618,0.199661242497619
"103","STAT6","Topic1",3.99743933555127,18,0.222079963086182,143,0.219969620215425,0.00211034287075654,0.0802221547545083,-0.0138898989737331,0.0941120537282414,4.38912924495294,4.31300229968928,0.0186000723348299
"104","STAT6","Topic2",1.78578825622423,18,0.0992104586791241,143,0.0706078261841761,0.028602632494948,1.10317405117174,-0.0441105396506941,1.14728459082243,4.38912924495294,4.31300229968928,0.255778683737594
"105","STAT6","Topic3",0.965369814653073,18,0.0536316563696152,143,0.0508904717073779,0.00274118466223734,0.149909614988426,-0.0437726150142265,0.193682230002652,4.38912924495294,4.31300229968928,0.0347576014506706
"106","STAT6","Topic4",2.73480647411171,18,0.151933693006206,143,0.17497385375531,-0.0230401607491036,-0.384660629565691,-0.0192495852615505,-0.365411044304141,4.38912924495294,4.31300229968928,0.0891862797275586
"107","STAT6","Topic5",3.86551181495526,18,0.214750656386404,143,0.143699869205325,0.0710507871810788,1.14700939316093,-0.0701731259931791,1.21718251915411,4.38912924495294,4.31300229968928,0.265942216920117
"108","STAT6","Topic6",4.65108430450445,18,0.25839357247247,143,0.339858358932387,-0.0814647864599171,-1.44802645604798,-0.0765696491066168,-1.37145680694137,4.38912924495294,4.31300229968928,0.33573514582923
"109","TCEB2","Topic1",12.2501636362384,70,0.175002337660548,143,0.219969620215425,-0.0449672825548768,-1.03303741769494,-0.0138898989737331,-1.01914751872121,8.116544111974,8.20854321664416,0.125849056334416
"110","TCEB2","Topic2",13.2513693573095,70,0.189305276532993,143,0.0706078261841761,0.118697450348817,2.59953214157174,-0.0441105396506941,2.64364268122244,8.116544111974,8.20854321664416,0.316686173534516
"111","TCEB2","Topic3",7.77511966758053,70,0.111073138108293,143,0.0508904717073779,0.0601826664009154,1.62913998049939,-0.0437726150142265,1.67291259551361,8.116544111974,8.20854321664416,0.198468831496926
"112","TCEB2","Topic4",11.0277951637003,70,0.157539930910004,143,0.17497385375531,-0.0174339228453054,-0.400772115535972,-0.0192495852615505,-0.381522530274422,8.116544111974,8.20854321664416,0.0488237809022363
"113","TCEB2","Topic5",7.39726944731097,70,0.105675277818728,143,0.143699869205325,-0.0380245913865967,-1.12086721663666,-0.0701731259931791,-1.05069409064348,8.116544111974,8.20854321664416,0.136548859773792
"114","TCEB2","Topic6",18.2982827278603,70,0.261404038969433,143,0.339858358932387,-0.0784543199629535,-1.42519434470546,-0.0765696491066168,-1.34862469559885,8.116544111974,8.20854321664416,0.173623297958114
"115","TMEM222","Topic1",13.0039347332559,53,0.245357259118037,143,0.219969620215425,0.0253876389026115,0.439558010301154,-0.0138898989737331,0.453447909274887,2.28101312168,2.25460808519462,0.194959830574373
"116","TMEM222","Topic2",3.28357607610924,53,0.0619542655869669,143,0.0706078261841761,-0.00865356059720928,-0.4216686680477,-0.0441105396506941,-0.377558128397006,2.28101312168,2.25460808519462,0.187025262091749
"117","TMEM222","Topic3",3.51128668823202,53,0.0662506922307928,143,0.0508904717073779,0.015360220523415,0.581957639538625,-0.0437726150142265,0.625730254552851,2.28101312168,2.25460808519462,0.258119201895965
"118","TMEM222","Topic4",9.32576766250048,53,0.175957880424537,143,0.17497385375531,0.000984026669227811,0.0287336412008952,-0.0192495852615505,0.0479832264624457,2.28101312168,2.25460808519462,0.0127444061739958
"119","TMEM222","Topic5",7.97807651522014,53,0.150529745570191,143,0.143699869205325,0.00682987636486654,0.121738959416673,-0.0701731259931791,0.191912085409852,2.28101312168,2.25460808519462,0.05399561911274
"120","TMEM222","Topic6",15.8973583246822,53,0.299950157069475,143,0.339858358932387,-0.0399082018629114,-0.660951166689571,-0.0765696491066168,-0.584381517582955,2.28101312168,2.25460808519462,0.293155680151177
"121","TNFRSF9","Topic1",5.84396253794555,32,0.182623829310799,143,0.219969620215425,-0.0373457909046266,-0.752583703408957,-0.0138898989737331,-0.738693804435224,4.83678405652648,4.92878316119663,0.152691583053177
"122","TNFRSF9","Topic2",4.24137288528417,32,0.13254290266513,143,0.0706078261841761,0.0619350764809542,1.83373776658075,-0.0441105396506941,1.87784830623145,4.83678405652648,4.92878316119663,0.37204675202947
"123","TNFRSF9","Topic3",2.72205937022036,32,0.0850643553193862,143,0.0508904717073779,0.0341738836120083,1.15281634376669,-0.0437726150142265,1.19658895878092,4.83678405652648,4.92878316119663,0.233894717228096
"124","TNFRSF9","Topic4",4.86118024185606,32,0.151911882558002,143,0.17497385375531,-0.0230619711973075,-0.539701154915951,-0.0192495852615505,-0.5204515696544,4.83678405652648,4.92878316119663,0.109499878015514
"125","TNFRSF9","Topic5",4.31448169612881,32,0.134827553004025,143,0.143699869205325,-0.00887231620129944,-0.203061647144229,-0.0701731259931791,-0.13288852115105,4.83678405652648,4.92878316119663,0.0411991439880931
"126","TNFRSF9","Topic6",10.016943268565,32,0.313029477142658,143,0.339858358932387,-0.026828881789729,-0.446882545380054,-0.0765696491066168,-0.370312896273437,4.83678405652648,4.92878316119663,0.0906679256856489
